-- Thêm dữ liệu mẫu cho các Item từ IT-A đến IT-F với mã từ -01 đến -05
INSERT INTO Items (ItemID, Name, Style, Gender, Brand, Material, Origin, Price, Color, CreateDate) 
VALUES 
('IT_A_01', N'Áo thun nam', N'Casual', N'Nam', N'ABC', N'Cotton', N'Việt Nam', 20.99, N'Đen', '2024-05-01'),
('IT_A_02', N'Áo thun nam', N'Casual', N'Nam', N'ABC', N'Cotton', N'Việt Nam', 20.99, N'Xanh', '2024-05-01'),
('IT_A_03', N'Áo thun nam', N'Casual', N'Nam', N'ABC', N'Cotton', N'Việt Nam', 20.99, N'Đỏ', '2024-05-01'),
('IT_A_04', N'Áo thun nam', N'Casual', N'Nam', N'ABC', N'Cotton', N'Việt Nam', 20.99, N'Vàng', '2024-05-01'),
('IT_A_05', N'Áo thun nam', N'Casual', N'Nam', N'ABC', N'Cotton', N'Việt Nam', 20.99, N'Xám', '2024-05-01'),

('IT_B_01', N'Áo sơ mi nam', N'Formal', N'Nam', N'DEF', N'Cotton', N'Hàn Quốc', 29.99, N'Trắng', '2024-05-01'),
('IT_B_02', N'Áo sơ mi nam', N'Formal', N'Nam', N'DEF', N'Cotton', N'Hàn Quốc', 29.99, N'Xanh', '2024-05-01'),
('IT_B_03', N'Áo sơ mi nam', N'Formal', N'Nam', N'DEF', N'Cotton', N'Hàn Quốc', 29.99, N'Đen', '2024-05-01'),
('IT_B_04', N'Áo sơ mi nam', N'Formal', N'Nam', N'DEF', N'Cotton', N'Hàn Quốc', 29.99, N'Đỏ', '2024-05-01'),
('IT_B_05', N'Áo sơ mi nam', N'Formal', N'Nam', N'DEF', N'Cotton', N'Hàn Quốc', 29.99, N'Cam', '2024-05-01'),

('IT_C_01', N'Quần jeans nam', N'Casual', N'Nam', N'XYZ', N'Denim', N'Mỹ', 39.99, N'Xanh', '2024-05-01'),
('IT_C_02', N'Quần jeans nam', N'Casual', N'Nam', N'XYZ', N'Denim', N'Mỹ', 39.99, N'Đen', '2024-05-01'),
('IT_C_03', N'Quần jeans nam', N'Casual', N'Nam', N'XYZ', N'Denim', N'Mỹ', 39.99, N'Ghi', '2024-05-01'),
('IT_C_04', N'Quần jeans nam', N'Casual', N'Nam', N'XYZ', N'Denim', N'Mỹ', 39.99, N'Xám', '2024-05-01'),
('IT_C_05', N'Quần jeans nam', N'Casual', N'Nam', N'XYZ', N'Denim', N'Mỹ', 39.99, N'Nâu', '2024-05-01'),

('IT_D_01', N'Váy dạ hội nữ', N'Formal', N'Nữ', N'Hijab', N'Lụa', N'Pháp', 99.99, N'Đỏ', '2024-05-01'),
('IT_D_02', N'Váy dạ hội nữ', N'Formal', N'Nữ', N'Hijab', N'Lụa', N'Pháp', 99.99, N'Xanh', '2024-05-01'),
('IT_D_03', N'Váy dạ hội nữ', N'Formal', N'Nữ', N'Hijab', N'Lụa', N'Pháp', 99.99, N'Vàng', '2024-05-01'),
('IT_D_04', N'Váy dạ hội nữ', N'Formal', N'Nữ', N'Hijab', N'Lụa', N'Pháp', 99.99, N'Hồng', '2024-05-01'),
('IT_D_05', N'Váy dạ hội nữ', N'Formal', N'Nữ', N'Hijab', N'Lụa', N'Pháp', 99.99, N'Trắng', '2024-05-01'),

('IT_E_01', N'Áo khoác nam', N'Outdoor', N'Nam', N'Nike', N'Polyester', N'Hàn Quốc', 59.99, N'Xám', '2024-05-01'),
('IT_E_02', N'Áo khoác nam', N'Outdoor', N'Nam', N'Nike', N'Polyester', N'Hàn Quốc', 59.99, N'Den', '2024-05-01'),
('IT_E_03', N'Áo khoác nam', N'Outdoor', N'Nam', N'Nike', N'Polyester', N'Hàn Quốc', 59.99, N'Xanh', '2024-05-01'),
('IT_E_04', N'Áo khoác nam', N'Outdoor', N'Nam', N'Nike', N'Polyester', N'Hàn Quốc', 59.99, N'Đen', '2024-05-01'),
('IT_E_05', N'Áo khoác nam', N'Outdoor', N'Nam', N'Nike', N'Polyester', N'Hàn Quốc', 59.99, N'Tím', '2024-05-01'),

('IT_F_01', N'Quần tây nữ', N'Formal', N'Nữ', N'Zara', N'Wool', N'Ý', 49.99, N'Nâu', '2024-05-01'),
('IT_F_02', N'Quần tây nữ', N'Formal', N'Nữ', N'Zara', N'Wool', N'Ý', 49.99, N'Xanh', '2024-05-01'),
('IT_F_03', N'Quần tây nữ', N'Formal', N'Nữ', N'Zara', N'Wool', N'Ý', 49.99, N'Đen', '2024-05-01'),
('IT_F_04', N'Quần tây nữ', N'Formal', N'Nữ', N'Zara', N'Wool', N'Ý', 49.99, N'Ghi', '2024-05-01'),
('IT_F_05', N'Quần tây nữ', N'Formal', N'Nữ', N'Zara', N'Wool', N'Ý', 49.99, N'Kem', '2024-05-01');

-- Tạo dữ liệu mẫu cho bảng Import
INSERT INTO Import (ItemID, Size, Quantity, EmployeeID, Reason, ImportDate)
VALUES 
('IT_A_01', 'M', 30, '60050', N'Nhập hàng mới', '2024-05-10'),
('IT_A_01', 'L', 25, '60060', N'Nhập hàng mới', '2024-05-11'),
('IT_A_02', 'S', 20, '60070', N'Nhập hàng mới', '2024-05-12'),
('IT_B_01', 'M', 35, '60050', N'Nhập hàng mới', '2024-05-13'),
('IT_B_02', 'L', 40, '60060', N'Nhập hàng mới', '2024-05-14');

-- Tạo dữ liệu mẫu cho bảng Export
INSERT INTO Export (ItemID, Size, Quantity, EmployeeID, Reason, ExportDate)
VALUES 
('IT_A_01', 'M', 10, '60050', N'Bán hàng', '2024-05-15'),
('IT_A_01', 'L', 15, '60060', N'Bán hàng', '2024-05-16'),
('IT_A_02', 'S', 8, '60070', N'Bán hàng', '2024-05-17'),
('IT_B_01', 'M', 20, '60050', N'Bán hàng', '2024-05-18'),
('IT_B_02', 'L', 25, '60060', N'Bán hàng', '2024-05-19'),
('IT_C_01', 'M', 30, '60070', N'Bán hàng', '2024-05-20');

INSERT INTO Locations (LocationCode) VALUES 
('Kho_A_01'), 
('Kho_B_02'), 
('Kho_C_03');

-- Tạo dữ liệu mẫu cho bảng Inventory
INSERT INTO Inventory (ItemID, Size, Quantity, LocationID)
VALUES 
('IT_A_01', 'M', 60, 1),
('IT_A_01', 'L', 40, 2),
('IT_A_02', 'S', 30, 3),
('IT_B_01', 'M', 50, 1),
('IT_B_02', 'L', 55, 2),
('IT_C_01', 'M', 40, 3),
('IT_D_01', 'S', 35, 1),
('IT_D_01', 'M', 25, 2),
('IT_D_01', 'L', 20, 3),
('IT_E_01', 'S', 45, 1),
('IT_E_01', 'M', 40, 2),
('IT_E_01', 'L', 30, 3),
('IT_F_01', 'S', 50, 1),
('IT_F_01', 'M', 45, 2),
('IT_F_01', 'L', 35, 3),
('IT_A_02', 'M', 20, 1),
('IT_B_02', 'M', 25, 2),
('IT_C_03', 'S', 30, 3),
('IT_D_03', 'S', 25, 1),
('IT_E_03', 'L', 40, 2),
('IT_F_03', 'L', 30, 3),
('IT_A_03', 'S', 35, 1),
('IT_B_03', 'M', 30, 2),
('IT_C_02', 'L', 25, 3),
('IT_D_02', 'S', 20, 1),
('IT_E_02', 'M', 45, 2),
('IT_F_02', 'L', 40, 3),
('IT_A_04', 'S', 50, 1),
('IT_B_04', 'M', 45, 2),
('IT_C_04', 'L', 35, 3),
('IT_D_04', 'S', 30, 1),
('IT_E_04', 'M', 25, 2),
('IT_F_04', 'L', 20, 3),
('IT_A_05', 'S', 60, 1),
('IT_B_05', 'M', 55, 2),
('IT_C_05', 'L', 45, 3),
('IT_D_05', 'S', 40, 1),
('IT_E_05', 'M', 35, 2),
('IT_F_05', 'L', 30, 3);

